Iter,Success,Fail,Halt,AvgSteps,DeltaSuccess
1,77.3 Âą 6.4,20.0 Âą 6.9,2.7 Âą 1.2,1.00 Âą 0.00,---
2,78.7 Âą 4.2,18.7 Âą 4.6,2.7 Âą 1.2,1.20 Âą 0.07,$+1.3$
3,78.7 Âą 4.2,18.7 Âą 4.6,2.7 Âą 1.2,1.37 Âą 0.13,$+0.0$
4,79.3 Âą 5.0,18.0 Âą 5.3,2.7 Âą 1.2,1.53 Âą 0.18,$+0.7$
5,79.3 Âą 5.0,18.0 Âą 5.3,2.7 Âą 1.2,1.69 Âą 0.24,$+0.0$
6,79.3 Âą 5.0,18.0 Âą 5.3,2.7 Âą 1.2,1.84 Âą 0.30,$+0.0$
7,79.3 Âą 5.0,18.0 Âą 5.3,2.7 Âą 1.2,1.99 Âą 0.36,$+0.0$
8,79.3 Âą 5.0,18.0 Âą 5.3,2.7 Âą 1.2,2.15 Âą 0.42,$+0.0$
9,79.3 Âą 5.0,18.0 Âą 5.3,2.7 Âą 1.2,2.30 Âą 0.48,$+0.0$
10,92.0 Âą 3.5,5.3 Âą 2.3,2.7 Âą 1.2,2.45 Âą 0.54,$+12.7$
